,Accuracy,Recall,ROC AUC
K-Nearest Neighbors,0.8333333333333334,0.7619047619047619,0.9047619047619048
Logistic Regression,0.8333333333333334,0.7857142857142857,0.9250992063492063
